id,startTime,week,visTeam,homeTeam,created_at,updated_at
10_BAL_NE,2020-11-15 08:20 PM,10,BAL,NE,2020-11-12 03:39:47,2020-11-12 03:39:47
10_BUF_ARI,2020-11-15 04:05 PM,10,BUF,ARI,2020-11-12 03:39:47,2020-11-12 03:39:47
10_CIN_PIT,2020-11-15 01:00 PM,10,CIN,PIT,2020-11-12 03:39:47,2020-11-12 03:39:47
10_DEN_LV,2020-11-15 04:05 PM,10,DEN,LV,2020-11-12 03:39:47,2020-11-12 03:39:47
10_HOU_CLE,2020-11-15 01:00 PM,10,HOU,CLE,2020-11-12 03:39:47,2020-11-12 03:39:47
10_IND_TEN,2020-11-12 08:20 PM,10,IND,TEN,2020-11-12 03:39:47,2020-11-12 03:39:47
10_JAX_GB,2020-11-15 01:00 PM,10,JAX,GB,2020-11-12 03:39:47,2020-11-12 03:39:47
10_LAC_MIA,2020-11-15 04:05 PM,10,LAC,MIA,2020-11-12 03:39:47,2020-11-12 03:39:47
10_MIN_CHI,2020-11-16 08:15 PM,10,MIN,CHI,2020-11-12 03:39:47,2020-11-12 03:39:47
10_PHI_NYG,2020-11-15 01:00 PM,10,PHI,NYG,2020-11-12 03:39:47,2020-11-12 03:39:47
10_SEA_LAR,2020-11-15 04:25 PM,10,SEA,LAR,2020-11-12 03:39:47,2020-11-12 03:39:47
10_SF_NO,2020-11-15 04:25 PM,10,SF,NO,2020-11-12 03:39:47,2020-11-12 03:39:47
10_TB_CAR,2020-11-15 01:00 PM,10,TB,CAR,2020-11-12 03:39:47,2020-11-12 03:39:47
10_WAS_DET,2020-11-15 01:00 PM,10,WAS,DET,2020-11-12 03:39:47,2020-11-12 03:39:47
11_ARI_SEA,2020-11-19 08:20 PM,11,ARI,SEA,2020-11-12 03:39:47,2020-11-12 03:39:47
11_ATL_NO,2020-11-22 01:00 PM,11,ATL,NO,2020-11-12 03:39:47,2020-11-12 03:39:47
11_CIN_WAS,2020-11-22 01:00 PM,11,CIN,WAS,2020-11-12 03:39:47,2020-11-12 03:39:47
11_DAL_MIN,2020-11-22 04:25 PM,11,DAL,MIN,2020-11-12 03:39:47,2020-11-12 03:39:47
11_DET_CAR,2020-11-22 01:00 PM,11,DET,CAR,2020-11-12 03:39:47,2020-11-12 03:39:47
11_GB_IND,2020-11-22 01:00 PM,11,GB,IND,2020-11-12 03:39:47,2020-11-12 03:39:47
11_KC_LV,2020-11-22 08:20 PM,11,KC,LV,2020-11-12 03:39:47,2020-11-12 03:39:47
11_LAR_TB,2020-11-23 08:15 PM,11,LAR,TB,2020-11-12 03:39:47,2020-11-12 03:39:47
11_MIA_DEN,2020-11-22 04:05 PM,11,MIA,DEN,2020-11-12 03:39:47,2020-11-12 03:39:47
11_NE_HOU,2020-11-22 01:00 PM,11,NE,HOU,2020-11-12 03:39:47,2020-11-12 03:39:47
11_NYJ_LAC,2020-11-22 04:05 PM,11,NYJ,LAC,2020-11-12 03:39:47,2020-11-12 03:39:47
11_PHI_CLE,2020-11-22 01:00 PM,11,PHI,CLE,2020-11-12 03:39:47,2020-11-12 03:39:47
11_PIT_JAX,2020-11-22 01:00 PM,11,PIT,JAX,2020-11-12 03:39:47,2020-11-12 03:39:47
11_TEN_BAL,2020-11-22 01:00 PM,11,TEN,BAL,2020-11-12 03:39:47,2020-11-12 03:39:47
12_ARI_NE,2020-11-29 01:00 PM,12,ARI,NE,2020-11-12 03:39:47,2020-11-12 03:39:47
12_BAL_PIT,2020-11-26 08:20 PM,12,BAL,PIT,2020-11-12 03:39:47,2020-11-12 03:39:47
12_CAR_MIN,2020-11-29 01:00 PM,12,CAR,MIN,2020-11-12 03:39:47,2020-11-12 03:39:47
12_CHI_GB,2020-11-29 08:20 PM,12,CHI,GB,2020-11-12 03:39:47,2020-11-12 03:39:47
12_CLE_JAX,2020-11-29 01:00 PM,12,CLE,JAX,2020-11-12 03:39:47,2020-11-12 03:39:47
12_HOU_DET,2020-11-26 11:30 AM,12,HOU,DET,2020-11-12 03:39:47,2020-11-12 03:39:47
12_KC_TB,2020-11-29 04:25 PM,12,KC,TB,2020-11-12 03:39:47,2020-11-12 03:39:47
12_LAC_BUF,2020-11-29 01:00 PM,12,LAC,BUF,2020-11-12 03:39:47,2020-11-12 03:39:47
12_LV_ATL,2020-11-29 01:00 PM,12,LV,ATL,2020-11-12 03:39:47,2020-11-12 03:39:47
12_MIA_NYJ,2020-11-29 01:00 PM,12,MIA,NYJ,2020-11-12 03:39:47,2020-11-12 03:39:47
12_NO_DEN,2020-11-29 04:05 PM,12,NO,DEN,2020-11-12 03:39:47,2020-11-12 03:39:47
12_NYG_CIN,2020-11-29 01:00 PM,12,NYG,CIN,2020-11-12 03:39:47,2020-11-12 03:39:47
12_SEA_PHI,2020-11-30 08:15 PM,12,SEA,PHI,2020-11-12 03:39:47,2020-11-12 03:39:47
12_SF_LAR,2020-11-29 04:05 PM,12,SF,LAR,2020-11-12 03:39:47,2020-11-12 03:39:47
12_TEN_IND,2020-11-29 01:00 PM,12,TEN,IND,2020-11-12 03:39:47,2020-11-12 03:39:47
12_WAS_DAL,2020-11-26 04:30 PM,12,WAS,DAL,2020-11-12 03:39:47,2020-11-12 03:39:47
13_BUF_SF,2020-12-07 08:15 PM,13,BUF,SF,2020-11-12 03:39:47,2020-11-12 03:39:47
13_CIN_MIA,2020-12-06 01:00 PM,13,CIN,MIA,2020-11-12 03:39:47,2020-11-12 03:39:47
13_CLE_TEN,2020-12-06 01:00 PM,13,CLE,TEN,2020-11-12 03:39:47,2020-11-12 03:39:47
13_DAL_BAL,2020-12-03 08:20 PM,13,DAL,BAL,2020-11-12 03:39:47,2020-11-12 03:39:47
13_DEN_KC,2020-12-06 08:20 PM,13,DEN,KC,2020-11-12 03:39:47,2020-11-12 03:39:47
13_DET_CHI,2020-12-06 01:00 PM,13,DET,CHI,2020-11-12 03:39:47,2020-11-12 03:39:47
13_IND_HOU,2020-12-06 01:00 PM,13,IND,HOU,2020-11-12 03:39:47,2020-11-12 03:39:47
13_JAX_MIN,2020-12-06 01:00 PM,13,JAX,MIN,2020-11-12 03:39:47,2020-11-12 03:39:47
13_LAR_ARI,2020-12-06 04:05 PM,13,LAR,ARI,2020-11-12 03:39:48,2020-11-12 03:39:48
13_LV_NYJ,2020-12-06 01:00 PM,13,LV,NYJ,2020-11-12 03:39:48,2020-11-12 03:39:48
13_NE_LAC,2020-12-06 04:25 PM,13,NE,LAC,2020-11-12 03:39:48,2020-11-12 03:39:48
13_NO_ATL,2020-12-06 01:00 PM,13,NO,ATL,2020-11-12 03:39:48,2020-11-12 03:39:48
13_NYG_SEA,2020-12-06 04:05 PM,13,NYG,SEA,2020-11-12 03:39:48,2020-11-12 03:39:48
13_PHI_GB,2020-12-06 04:25 PM,13,PHI,GB,2020-11-12 03:39:48,2020-11-12 03:39:48
13_WAS_PIT,2020-12-06 01:00 PM,13,WAS,PIT,2020-11-12 03:39:48,2020-11-12 03:39:48
14_ARI_NYG,2020-12-13 01:00 PM,14,ARI,NYG,2020-11-12 03:39:48,2020-11-12 03:39:48
14_ATL_LAC,2020-12-13 04:25 PM,14,ATL,LAC,2020-11-12 03:39:48,2020-11-12 03:39:48
14_BAL_CLE,2020-12-14 08:15 PM,14,BAL,CLE,2020-11-12 03:39:48,2020-11-12 03:39:48
14_DAL_CIN,2020-12-13 01:00 PM,14,DAL,CIN,2020-11-12 03:39:48,2020-11-12 03:39:48
14_DEN_CAR,2020-12-13 01:00 PM,14,DEN,CAR,2020-11-12 03:39:48,2020-11-12 03:39:48
14_GB_DET,2020-12-13 01:00 PM,14,GB,DET,2020-11-12 03:39:48,2020-11-12 03:39:48
14_HOU_CHI,2020-12-13 01:00 PM,14,HOU,CHI,2020-11-12 03:39:48,2020-11-12 03:39:48
14_IND_LV,2020-12-13 04:05 PM,14,IND,LV,2020-11-12 03:39:48,2020-11-12 03:39:48
14_KC_MIA,2020-12-13 01:00 PM,14,KC,MIA,2020-11-12 03:39:48,2020-11-12 03:39:48
14_MIN_TB,2020-12-13 01:00 PM,14,MIN,TB,2020-11-12 03:39:48,2020-11-12 03:39:48
14_NE_LAR,2020-12-10 08:20 PM,14,NE,LAR,2020-11-12 03:39:48,2020-11-12 03:39:48
14_NO_PHI,2020-12-13 04:25 PM,14,NO,PHI,2020-11-12 03:39:48,2020-11-12 03:39:48
14_NYJ_SEA,2020-12-13 04:05 PM,14,NYJ,SEA,2020-11-12 03:39:48,2020-11-12 03:39:48
14_PIT_BUF,2020-12-13 08:20 PM,14,PIT,BUF,2020-11-12 03:39:48,2020-11-12 03:39:48
14_TEN_JAX,2020-12-13 01:00 PM,14,TEN,JAX,2020-11-12 03:39:48,2020-11-12 03:39:48
14_WAS_SF,2020-12-13 04:25 PM,14,WAS,SF,2020-11-12 03:39:48,2020-11-12 03:39:48
15_BUF_DEN,2020-12-20 01:00 PM,15,BUF,DEN,2020-11-12 03:39:48,2020-11-12 03:39:48
15_CAR_GB,2020-12-20 01:00 PM,15,CAR,GB,2020-11-12 03:39:48,2020-11-12 03:39:48
15_CHI_MIN,2020-12-20 01:00 PM,15,CHI,MIN,2020-11-12 03:39:48,2020-11-12 03:39:48
15_CLE_NYG,2020-12-20 01:00 PM,15,CLE,NYG,2020-11-12 03:39:48,2020-11-12 03:39:48
15_DET_TEN,2020-12-20 01:00 PM,15,DET,TEN,2020-11-12 03:39:48,2020-11-12 03:39:48
15_HOU_IND,2020-12-20 01:00 PM,15,HOU,IND,2020-11-12 03:39:48,2020-11-12 03:39:48
15_JAX_BAL,2020-12-20 01:00 PM,15,JAX,BAL,2020-11-12 03:39:48,2020-11-12 03:39:48
15_KC_NO,2020-12-20 04:25 PM,15,KC,NO,2020-11-12 03:39:48,2020-11-12 03:39:48
15_LAC_LV,2020-12-17 08:20 PM,15,LAC,LV,2020-11-12 03:39:48,2020-11-12 03:39:48
15_NE_MIA,2020-12-20 01:00 PM,15,NE,MIA,2020-11-12 03:39:48,2020-11-12 03:39:48
15_NYJ_LAR,2020-12-20 01:00 PM,15,NYJ,LAR,2020-11-12 03:39:48,2020-11-12 03:39:48
15_PHI_ARI,2020-12-20 04:05 PM,15,PHI,ARI,2020-11-12 03:39:48,2020-11-12 03:39:48
15_PIT_CIN,2020-12-21 08:15 PM,15,PIT,CIN,2020-11-12 03:39:48,2020-11-12 03:39:48
15_SEA_WAS,2020-12-20 01:00 PM,15,SEA,WAS,2020-11-12 03:39:48,2020-11-12 03:39:48
15_SF_DAL,2020-12-20 08:20 PM,15,SF,DAL,2020-11-12 03:39:48,2020-11-12 03:39:48
15_TB_ATL,2020-12-20 01:00 PM,15,TB,ATL,2020-11-12 03:39:48,2020-11-12 03:39:48
16_ATL_KC,2020-12-27 01:00 PM,16,ATL,KC,2020-11-12 03:39:48,2020-11-12 03:39:48
16_BUF_NE,2020-12-28 08:15 PM,16,BUF,NE,2020-11-12 03:39:48,2020-11-12 03:39:48
16_CAR_WAS,2020-12-27 01:00 PM,16,CAR,WAS,2020-11-12 03:39:48,2020-11-12 03:39:48
16_CHI_JAX,2020-12-27 01:00 PM,16,CHI,JAX,2020-11-12 03:39:48,2020-11-12 03:39:48
16_CIN_HOU,2020-12-27 01:00 PM,16,CIN,HOU,2020-11-12 03:39:48,2020-11-12 03:39:48
16_CLE_NYJ,2020-12-27 01:00 PM,16,CLE,NYJ,2020-11-12 03:39:48,2020-11-12 03:39:48
16_DEN_LAC,2020-12-27 01:00 PM,16,DEN,LAC,2020-11-12 03:39:48,2020-11-12 03:39:48
16_IND_PIT,2020-12-27 01:00 PM,16,IND,PIT,2020-11-12 03:39:48,2020-11-12 03:39:48
16_LAR_SEA,2020-12-27 04:05 PM,16,LAR,SEA,2020-11-12 03:39:48,2020-11-12 03:39:48
16_MIA_LV,2020-12-27 01:00 PM,16,MIA,LV,2020-11-12 03:39:48,2020-11-12 03:39:48
16_MIN_NO,2020-12-25 04:30 PM,16,MIN,NO,2020-11-12 03:39:48,2020-11-12 03:39:48
16_NYG_BAL,2020-12-27 01:00 PM,16,NYG,BAL,2020-11-12 03:39:48,2020-11-12 03:39:48
16_PHI_DAL,2020-12-27 04:25 PM,16,PHI,DAL,2020-11-12 03:39:48,2020-11-12 03:39:48
16_SF_ARI,2020-12-27 01:00 AM,16,SF,ARI,2020-11-12 03:39:48,2020-11-12 03:39:48
16_TB_DET,2020-12-27 01:00 PM,16,TB,DET,2020-11-12 03:39:48,2020-11-12 03:39:48
16_TEN_GB,2020-12-27 08:20 PM,16,TEN,GB,2020-11-12 03:39:48,2020-11-12 03:39:48
17_ARI_LAR,2021-01-03 04:25 PM,17,ARI,LAR,2020-11-12 03:39:48,2020-11-12 03:39:48
17_ATL_TB,2021-01-03 01:00 PM,17,ATL,TB,2020-11-12 03:39:48,2020-11-12 03:39:48
17_BAL_CIN,2021-01-03 01:00 PM,17,BAL,CIN,2020-11-12 03:39:48,2020-11-12 03:39:48
17_DAL_NYG,2021-01-03 01:00 PM,17,DAL,NYG,2020-11-12 03:39:48,2020-11-12 03:39:48
17_GB_CHI,2021-01-03 01:00 PM,17,GB,CHI,2020-11-12 03:39:48,2020-11-12 03:39:48
17_JAX_IND,2021-01-03 01:00 PM,17,JAX,IND,2020-11-12 03:39:48,2020-11-12 03:39:48
17_LAC_KC,2021-01-03 01:00 PM,17,LAC,KC,2020-11-12 03:39:48,2020-11-12 03:39:48
17_LV_DEN,2021-01-03 04:25 PM,17,LV,DEN,2020-11-12 03:39:48,2020-11-12 03:39:48
17_MIA_BUF,2021-01-03 01:00 PM,17,MIA,BUF,2020-11-12 03:39:48,2020-11-12 03:39:48
17_MIN_DET,2021-01-03 01:00 PM,17,MIN,DET,2020-11-12 03:39:48,2020-11-12 03:39:48
17_NO_CAR,2021-01-03 01:00 PM,17,NO,CAR,2020-11-12 03:39:48,2020-11-12 03:39:48
17_NYJ_NE,2021-01-03 01:00 PM,17,NYJ,NE,2020-11-12 03:39:48,2020-11-12 03:39:48
17_PIT_CLE,2021-01-03 01:00 PM,17,PIT,CLE,2020-11-12 03:39:48,2020-11-12 03:39:48
17_SEA_SF,2021-01-03 04:25 PM,17,SEA,SF,2020-11-12 03:39:48,2020-11-12 03:39:48
17_TEN_HOU,2021-01-03 01:00 PM,17,TEN,HOU,2020-11-12 03:39:48,2020-11-12 03:39:48
17_WAS_PHI,2021-01-03 01:00 PM,17,WAS,PHI,2020-11-12 03:39:48,2020-11-12 03:39:48
1_ARI_SF,2020-09-13 04:25 PM,1,ARI,SF,2020-11-12 03:39:48,2020-11-12 03:39:48
1_BAL_CLE,2020-09-13 01:00 PM,1,BAL,CLE,2020-11-12 03:39:48,2020-11-12 03:39:48
1_BUF_NYJ,2020-09-13 01:00 PM,1,BUF,NYJ,2020-11-12 03:39:48,2020-11-12 03:39:48
1_CHI_DET,2020-09-13 01:00 PM,1,CHI,DET,2020-11-12 03:39:48,2020-11-12 03:39:48
1_GB_MIN,2020-09-13 01:00 PM,1,GB,MIN,2020-11-12 03:39:48,2020-11-12 03:39:48
1_JAX_IND,2020-09-13 01:00 PM,1,JAX,IND,2020-11-12 03:39:48,2020-11-12 03:39:48
1_KC_HOU,2020-09-10 08:20 PM,1,KC,HOU,2020-11-12 03:39:48,2020-11-12 03:39:48
1_LAC_CIN,2020-09-13 04:05 PM,1,LAC,CIN,2020-11-12 03:39:48,2020-11-12 03:39:48
1_LAR_DAL,2020-09-13 08:20 PM,1,LAR,DAL,2020-11-12 03:39:48,2020-11-12 03:39:48
1_LV_CAR,2020-09-13 01:00 PM,1,LV,CAR,2020-11-12 03:39:48,2020-11-12 03:39:48
1_NE_MIA,2020-09-13 01:00 PM,1,NE,MIA,2020-11-12 03:39:48,2020-11-12 03:39:48
1_NO_TB,2020-09-13 04:25 PM,1,NO,TB,2020-11-12 03:39:48,2020-11-12 03:39:48
1_PIT_NYG,2020-09-14 07:15 PM,1,PIT,NYG,2020-11-12 03:39:48,2020-11-12 03:39:48
1_SEA_ATL,2020-09-13 01:00 PM,1,SEA,ATL,2020-11-12 03:39:48,2020-11-12 03:39:48
1_TEN_DEN,2020-09-14 10:10 PM,1,TEN,DEN,2020-11-12 03:39:48,2020-11-12 03:39:48
1_WAS_PHI,2020-09-13 01:00 PM,1,WAS,PHI,2020-11-12 03:39:48,2020-11-12 03:39:48
2_ARI_WAS,2020-09-20 04:05 PM,2,ARI,WAS,2020-11-12 03:39:49,2020-11-12 03:39:49
2_BAL_HOU,2020-09-20 04:25 PM,2,BAL,HOU,2020-11-12 03:39:48,2020-11-12 03:39:48
2_BUF_MIA,2020-09-20 01:00 PM,2,BUF,MIA,2020-11-12 03:39:48,2020-11-12 03:39:48
2_CHI_NYG,2020-09-20 01:00 PM,2,CHI,NYG,2020-11-12 03:39:49,2020-11-12 03:39:49
2_CLE_CIN,2020-09-17 08:20 PM,2,CLE,CIN,2020-11-12 03:39:48,2020-11-12 03:39:48
2_DAL_ATL,2020-09-20 01:00 PM,2,DAL,ATL,2020-11-12 03:39:48,2020-11-12 03:39:48
2_GB_DET,2020-09-20 01:00 PM,2,GB,DET,2020-11-12 03:39:48,2020-11-12 03:39:48
2_IND_MIN,2020-09-20 01:00 PM,2,IND,MIN,2020-11-12 03:39:48,2020-11-12 03:39:48
2_KC_LAC,2020-09-20 04:25 PM,2,KC,LAC,2020-11-12 03:39:48,2020-11-12 03:39:48
2_LAR_PHI,2020-09-20 01:00 PM,2,LAR,PHI,2020-11-12 03:39:48,2020-11-12 03:39:48
2_LV_NO,2020-09-21 08:15 PM,2,LV,NO,2020-11-12 03:39:48,2020-11-12 03:39:48
2_PIT_DEN,2020-09-20 01:00 PM,2,PIT,DEN,2020-11-12 03:39:48,2020-11-12 03:39:48
2_SEA_NE,2020-09-20 08:20 PM,2,SEA,NE,2020-11-12 03:39:48,2020-11-12 03:39:48
2_SF_NYJ,2020-09-20 01:00 PM,2,SF,NYJ,2020-11-12 03:39:48,2020-11-12 03:39:48
2_TB_CAR,2020-09-20 01:00 PM,2,TB,CAR,2020-11-12 03:39:48,2020-11-12 03:39:48
2_TEN_JAX,2020-09-20 01:00 PM,2,TEN,JAX,2020-11-12 03:39:48,2020-11-12 03:39:48
3_BUF_LAR,2020-09-27 01:00 PM,3,BUF,LAR,2020-11-12 03:39:48,2020-11-12 03:39:48
3_CAR_LAC,2020-09-27 04:05 PM,3,CAR,LAC,2020-11-12 03:39:48,2020-11-12 03:39:48
3_CHI_ATL,2020-09-27 01:00 PM,3,CHI,ATL,2020-11-12 03:39:48,2020-11-12 03:39:48
3_CLE_WAS,2020-09-27 01:00 PM,3,CLE,WAS,2020-11-12 03:39:48,2020-11-12 03:39:48
3_DET_ARI,2020-09-27 04:25 PM,3,DET,ARI,2020-11-12 03:39:48,2020-11-12 03:39:48
3_GB_NO,2020-09-27 08:20 PM,3,GB,NO,2020-11-12 03:39:48,2020-11-12 03:39:48
3_IND_NYJ,2020-09-27 04:05 PM,3,IND,NYJ,2020-11-12 03:39:48,2020-11-12 03:39:48
3_KC_BAL,2020-09-28 08:15 PM,3,KC,BAL,2020-11-12 03:39:48,2020-11-12 03:39:48
3_MIA_JAX,2020-09-24 08:20 PM,3,MIA,JAX,2020-11-12 03:39:48,2020-11-12 03:39:48
3_NE_LV,2020-09-27 01:00 PM,3,NE,LV,2020-11-12 03:39:48,2020-11-12 03:39:48
3_PHI_CIN,2020-09-27 01:00 PM,3,PHI,CIN,2020-11-12 03:39:48,2020-11-12 03:39:48
3_PIT_HOU,2020-09-27 01:00 PM,3,PIT,HOU,2020-11-12 03:39:48,2020-11-12 03:39:48
3_SEA_DAL,2020-09-27 04:25 PM,3,SEA,DAL,2020-11-12 03:39:48,2020-11-12 03:39:48
3_SF_NYG,2020-09-27 01:00 PM,3,SF,NYG,2020-11-12 03:39:49,2020-11-12 03:39:49
3_TB_DEN,2020-09-27 04:25 PM,3,TB,DEN,2020-11-12 03:39:48,2020-11-12 03:39:48
3_TEN_MIN,2020-09-27 01:00 PM,3,TEN,MIN,2020-11-12 03:39:48,2020-11-12 03:39:48
4_BAL_WAS,2020-10-04 01:00 PM,4,BAL,WAS,2020-11-12 03:39:48,2020-11-12 03:39:48
4_BUF_LV,2020-10-04 04:25 PM,4,BUF,LV,2020-11-12 03:39:48,2020-11-12 03:39:48
4_CAR_ARI,2020-10-04 01:00 PM,4,CAR,ARI,2020-11-12 03:39:48,2020-11-12 03:39:48
4_CIN_JAX,2020-10-04 01:00 PM,4,CIN,JAX,2020-11-12 03:39:48,2020-11-12 03:39:48
4_CLE_DAL,2020-10-04 01:00 PM,4,CLE,DAL,2020-11-12 03:39:48,2020-11-12 03:39:48
4_DEN_NYJ,2020-10-01 08:20 PM,4,DEN,NYJ,2020-11-12 03:39:48,2020-11-12 03:39:48
4_GB_ATL,2020-10-05 08:15 PM,4,GB,ATL,2020-11-12 03:39:48,2020-11-12 03:39:48
4_IND_CHI,2020-10-04 01:00 PM,4,IND,CHI,2020-11-12 03:39:48,2020-11-12 03:39:48
4_KC_NE,2020-10-05 07:05 PM,4,KC,NE,2020-11-12 03:39:48,2020-11-12 03:39:48
4_LAR_NYG,2020-10-04 04:05 PM,4,LAR,NYG,2020-11-12 03:39:48,2020-11-12 03:39:48
4_MIN_HOU,2020-10-04 01:00 PM,4,MIN,HOU,2020-11-12 03:39:49,2020-11-12 03:39:49
4_NO_DET,2020-10-04 01:00 PM,4,NO,DET,2020-11-12 03:39:48,2020-11-12 03:39:48
4_PHI_SF,2020-10-04 08:20 PM,4,PHI,SF,2020-11-12 03:39:48,2020-11-12 03:39:48
4_SEA_MIA,2020-10-04 01:00 PM,4,SEA,MIA,2020-11-12 03:39:48,2020-11-12 03:39:48
4_TB_LAC,2020-10-04 01:00 PM,4,TB,LAC,2020-11-12 03:39:48,2020-11-12 03:39:48
5_ARI_NYJ,2020-10-11 01:00 PM,5,ARI,NYJ,2020-11-12 03:39:48,2020-11-12 03:39:48
5_BAL_CIN,2020-10-11 01:00 PM,5,BAL,CIN,2020-11-12 03:39:48,2020-11-12 03:39:48
5_CAR_ATL,2020-10-11 01:00 PM,5,CAR,ATL,2020-11-12 03:39:48,2020-11-12 03:39:48
5_CHI_TB,2020-10-08 08:20 PM,5,CHI,TB,2020-11-12 03:39:48,2020-11-12 03:39:48
5_CLE_IND,2020-10-11 04:25 PM,5,CLE,IND,2020-11-12 03:39:48,2020-11-12 03:39:48
5_DAL_NYG,2020-10-11 04:25 PM,5,DAL,NYG,2020-11-12 03:39:48,2020-11-12 03:39:48
5_HOU_JAX,2020-10-11 01:00 PM,5,HOU,JAX,2020-11-12 03:39:48,2020-11-12 03:39:48
5_LAR_WAS,2020-10-11 01:00 PM,5,LAR,WAS,2020-11-12 03:39:48,2020-11-12 03:39:48
5_LV_KC,2020-10-11 01:00 PM,5,LV,KC,2020-11-12 03:39:48,2020-11-12 03:39:48
5_MIA_SF,2020-10-11 04:05 PM,5,MIA,SF,2020-11-12 03:39:48,2020-11-12 03:39:48
5_NO_LAC,2020-10-12 08:15 PM,5,NO,LAC,2020-11-12 03:39:48,2020-11-12 03:39:48
5_PIT_PHI,2020-10-11 01:00 PM,5,PIT,PHI,2020-11-12 03:39:48,2020-11-12 03:39:48
5_SEA_MIN,2020-10-11 08:20 PM,5,SEA,MIN,2020-11-12 03:39:48,2020-11-12 03:39:48
5_TEN_BUF,2020-10-13 07:00 PM,5,TEN,BUF,2020-11-12 03:39:48,2020-11-12 03:39:48
6_ARI_DAL,2020-10-19 08:15 PM,6,ARI,DAL,2020-11-12 03:39:48,2020-11-12 03:39:48
6_ATL_MIN,2020-10-18 01:00 PM,6,ATL,MIN,2020-11-12 03:39:48,2020-11-12 03:39:48
6_BAL_PHI,2020-10-18 01:00 PM,6,BAL,PHI,2020-11-12 03:39:48,2020-11-12 03:39:48
6_CHI_CAR,2020-10-18 01:00 PM,6,CHI,CAR,2020-11-12 03:39:48,2020-11-12 03:39:48
6_CIN_IND,2020-10-18 01:00 PM,6,CIN,IND,2020-11-12 03:39:48,2020-11-12 03:39:48
6_CLE_PIT,2020-10-18 01:00 PM,6,CLE,PIT,2020-11-12 03:39:48,2020-11-12 03:39:48
6_DEN_NE,2020-10-18 01:00 PM,6,DEN,NE,2020-11-12 03:39:48,2020-11-12 03:39:48
6_DET_JAX,2020-10-18 01:00 PM,6,DET,JAX,2020-11-12 03:39:48,2020-11-12 03:39:48
6_GB_TB,2020-10-18 04:25 PM,6,GB,TB,2020-11-12 03:39:48,2020-11-12 03:39:48
6_HOU_TEN,2020-10-18 01:00 PM,6,HOU,TEN,2020-11-12 03:39:48,2020-11-12 03:39:48
6_KC_BUF,2020-10-19 05:00 PM,6,KC,BUF,2020-11-12 03:39:48,2020-11-12 03:39:48
6_LAR_SF,2020-10-18 08:20 PM,6,LAR,SF,2020-11-12 03:39:48,2020-11-12 03:39:48
6_NYJ_MIA,2020-10-18 04:05 PM,6,NYJ,MIA,2020-11-12 03:39:48,2020-11-12 03:39:48
6_WAS_NYG,2020-10-18 01:00 PM,6,WAS,NYG,2020-11-12 03:39:48,2020-11-12 03:39:48
7_BUF_NYJ,2020-10-25 01:00 PM,7,BUF,NYJ,2020-11-12 03:39:48,2020-11-12 03:39:48
7_CAR_NO,2020-10-25 01:00 PM,7,CAR,NO,2020-11-12 03:39:48,2020-11-12 03:39:48
7_CHI_LAR,2020-10-26 08:15 PM,7,CHI,LAR,2020-11-12 03:39:48,2020-11-12 03:39:48
7_CLE_CIN,2020-10-25 01:00 PM,7,CLE,CIN,2020-11-12 03:39:48,2020-11-12 03:39:48
7_DAL_WAS,2020-10-25 01:00 PM,7,DAL,WAS,2020-11-12 03:39:48,2020-11-12 03:39:48
7_DET_ATL,2020-10-25 01:00 PM,7,DET,ATL,2020-11-12 03:39:48,2020-11-12 03:39:48
7_GB_HOU,2020-10-25 01:00 PM,7,GB,HOU,2020-11-12 03:39:48,2020-11-12 03:39:48
7_JAX_LAC,2020-10-25 04:25 PM,7,JAX,LAC,2020-11-12 03:39:48,2020-11-12 03:39:48
7_KC_DEN,2020-10-25 04:25 PM,7,KC,DEN,2020-11-12 03:39:48,2020-11-12 03:39:48
7_NYG_PHI,2020-10-22 08:20 PM,7,NYG,PHI,2020-11-12 03:39:48,2020-11-12 03:39:48
7_PIT_TEN,2020-10-25 01:00 PM,7,PIT,TEN,2020-11-12 03:39:48,2020-11-12 03:39:48
7_SEA_ARI,2020-10-25 04:05 PM,7,SEA,ARI,2020-11-12 03:39:48,2020-11-12 03:39:48
7_SF_NE,2020-10-25 04:25 PM,7,SF,NE,2020-11-12 03:39:48,2020-11-12 03:39:48
7_TB_LV,2020-10-25 08:20 PM,7,TB,LV,2020-11-12 03:39:48,2020-11-12 03:39:48
8_ATL_CAR,2020-10-29 08:20 PM,8,ATL,CAR,2020-11-12 03:39:48,2020-11-12 03:39:48
8_DAL_PHI,2020-11-01 08:20 PM,8,DAL,PHI,2020-11-12 03:39:48,2020-11-12 03:39:48
8_IND_DET,2020-11-01 01:00 PM,8,IND,DET,2020-11-12 03:39:48,2020-11-12 03:39:48
8_LAC_DEN,2020-11-01 04:05 PM,8,LAC,DEN,2020-11-12 03:39:48,2020-11-12 03:39:48
8_LAR_MIA,2020-11-01 01:00 PM,8,LAR,MIA,2020-11-12 03:39:48,2020-11-12 03:39:48
8_LV_CLE,2020-11-01 01:00 PM,8,LV,CLE,2020-11-12 03:39:48,2020-11-12 03:39:48
8_MIN_GB,2020-11-01 01:00 PM,8,MIN,GB,2020-11-12 03:39:48,2020-11-12 03:39:48
8_NE_BUF,2020-11-01 01:00 PM,8,NE,BUF,2020-11-12 03:39:48,2020-11-12 03:39:48
8_NO_CHI,2020-11-01 04:25 PM,8,NO,CHI,2020-11-12 03:39:48,2020-11-12 03:39:48
8_NYJ_KC,2020-11-01 01:00 PM,8,NYJ,KC,2020-11-12 03:39:48,2020-11-12 03:39:48
8_PIT_BAL,2020-11-01 01:00 PM,8,PIT,BAL,2020-11-12 03:39:48,2020-11-12 03:39:48
8_SF_SEA,2020-11-01 04:25 PM,8,SF,SEA,2020-11-12 03:39:48,2020-11-12 03:39:48
8_TB_NYG,2020-11-02 08:15 PM,8,TB,NYG,2020-11-12 03:39:48,2020-11-12 03:39:48
8_TEN_CIN,2020-11-01 01:00 PM,8,TEN,CIN,2020-11-12 03:39:48,2020-11-12 03:39:48
9_BAL_IND,2020-11-08 01:00 PM,9,BAL,IND,2020-11-12 03:39:48,2020-11-12 03:39:48
9_CAR_KC,2020-11-08 01:00 PM,9,CAR,KC,2020-11-12 03:39:48,2020-11-12 03:39:48
9_CHI_TEN,2020-11-08 01:00 PM,9,CHI,TEN,2020-11-12 03:39:48,2020-11-12 03:39:48
9_DEN_ATL,2020-11-08 01:00 PM,9,DEN,ATL,2020-11-12 03:39:48,2020-11-12 03:39:48
9_DET_MIN,2020-11-08 01:00 PM,9,DET,MIN,2020-11-12 03:39:48,2020-11-12 03:39:48
9_GB_SF,2020-11-05 08:20 PM,9,GB,SF,2020-11-12 03:39:48,2020-11-12 03:39:48
9_HOU_JAX,2020-11-08 01:00 PM,9,HOU,JAX,2020-11-12 03:39:48,2020-11-12 03:39:48
9_LV_LAC,2020-11-08 04:05 PM,9,LV,LAC,2020-11-12 03:39:48,2020-11-12 03:39:48
9_MIA_ARI,2020-11-08 04:25 PM,9,MIA,ARI,2020-11-12 03:39:48,2020-11-12 03:39:48
9_NE_NYJ,2020-11-09 08:15 PM,9,NE,NYJ,2020-11-12 03:39:49,2020-11-12 03:39:49
9_NO_TB,2020-11-08 08:20 PM,9,NO,TB,2020-11-12 03:39:49,2020-11-12 03:39:49
9_NYG_WAS,2020-11-08 01:00 PM,9,NYG,WAS,2020-11-12 03:39:49,2020-11-12 03:39:49
9_PIT_DAL,2020-11-08 04:25 PM,9,PIT,DAL,2020-11-12 03:39:49,2020-11-12 03:39:49
9_SEA_BUF,2020-11-08 01:00 PM,9,SEA,BUF,2020-11-12 03:39:49,2020-11-12 03:39:49